0_RfR 0,0_RfR 1,0_RfR 2,1_RfR 0,1_RfR 1,1_RfR 2,2_RfR 0,2_RfR 1,2_RfR 2,3_RfR 0,3_RfR 1,3_RfR 2,4_RfR 0,4_RfR 1,4_RfR 2,EWS_DaysToThreat,A.1_DikeIncrease 0,A.1_DikeIncrease 1,A.1_DikeIncrease 2,A.2_DikeIncrease 0,A.2_DikeIncrease 1,A.2_DikeIncrease 2,A.3_DikeIncrease 0,A.3_DikeIncrease 1,A.3_DikeIncrease 2,A.4_DikeIncrease 0,A.4_DikeIncrease 1,A.4_DikeIncrease 2,A.5_DikeIncrease 0,A.5_DikeIncrease 1,A.5_DikeIncrease 2,A3ExpectedAnnualDamage,A3ExpectedNumberofDeaths,A3DikeInvestmentCosts,A5ExpectedAnnualDamage,A5ExpectedNumberofDeaths,A5DikeInvestmentCosts,Total_Dike_Investment,Total_Expected_Annual_Damage,Total_Expected_Number_of_Deaths,Policy Name,Urban Damages Ratio,Urban Deaths Ratio,Urban Damages Ratio Exceeded,Urban Deaths Ratio Exceeded
1,1,1,1,1,0,1,0,1,0,0,0,0,1,1,2,4,6,5,2,3,2,2,2,0,7,1,4,1,1,4,257135244.9437814,0.0578854094560069,106086823.8555479,273648249.84008336,0.0299832902591368,277032418.14852864,5270373412.082578,597136693.857918,0.0963984627910923,s4842_p0,0.8888810556166536,0.911515569553908,False,False
1,0,1,0,1,0,0,0,1,0,0,1,0,1,0,4,3,7,1,3,7,6,6,2,6,5,9,3,2,2,2,0.0,0.0,1231129441.20004,35297902.85002115,0.0030039850532344,253503999.95102823,10617323882.807846,70282036.14459035,0.0067241194199307,s4842_p1,0.5022322173108819,0.4467477249631238,False,False
1,1,0,1,1,1,1,1,0,0,1,1,0,1,1,2,6,9,3,6,2,2,6,0,3,1,7,5,6,5,1,0.0,0.0,414154069.40853775,0.0,0.0,1152152957.083101,12861777355.71141,0.0,0.0,s4842_p3,,,False,False
1,1,1,0,1,1,1,1,0,0,0,1,1,1,1,4,6,1,4,4,7,7,3,5,2,5,7,1,7,3,1,27952090.17794625,0.0054812451182924,490728677.415031,0.0,0.0,987768869.5604776,12226549468.603844,33311871.586057518,0.0060668789301604,s4842_p4,0.8391029638108184,0.9034703315148377,False,False
0,1,1,1,0,0,1,0,1,1,1,1,0,1,0,4,5,4,4,4,4,2,9,6,1,9,1,2,0,4,0,0.0,0.0,2151925396.106982,35838560.49287292,0.0036127842636799,140758998.50395507,6397619129.127193,41141621.60911216,0.0041860724569915,s4842_p5,0.8711022825832248,0.8630486693191121,False,False
1,1,1,0,0,1,1,0,1,1,1,1,0,1,1,2,6,5,4,4,5,4,5,7,6,4,4,10,0,0,0,0.0,0.0,2670151799.853898,130415726.59232923,0.0137245591268341,0.0,11922818283.97515,135718787.70856845,0.0144411693684736,s4842_p6,0.9609261090098551,0.9503772704720209,False,False
1,1,1,0,1,0,0,1,1,0,1,0,1,1,1,2,4,0,2,2,0,6,2,1,3,7,1,4,6,1,5,103801285.06858724,0.0242156139181306,196003541.019055,0.0,0.0,1128008230.9213405,3261624101.324206,214423649.2286619,0.0367261002272852,s4842_p9,0.4840943871722531,0.6593570721712486,False,False
0,0,1,1,1,0,0,1,0,0,0,0,1,0,1,3,5,1,1,5,5,4,5,6,0,1,3,9,5,2,5,26970128.68512179,0.0055680636969145,685189455.4983234,17726093.075712204,0.0018938963178192,1049832520.6689467,6348126482.000147,50226701.2896819,0.0080733569628883,s4842_p11,0.8898896525783979,0.9242697986766747,False,False
0,0,0,1,0,0,1,0,0,0,0,1,1,1,0,2,2,10,3,4,0,2,7,4,1,1,5,4,6,2,2,0.0,0.0,855442553.5036638,0.0,0.0,710665051.0777925,8786363553.993086,26810254.738408595,0.0031801302216632,s4842_p13,0.0,0.0,False,False
1,1,0,0,0,0,0,1,1,0,1,1,0,0,0,1,1,6,3,5,4,3,6,0,3,1,7,5,6,7,3,0.0,0.0,414154069.40853775,0.0,0.0,2495556043.067637,6678115900.1406,2247952.7425071555,0.0005244911092108,s4842_p14,0.0,0.0,False,False
1,1,0,1,1,1,1,1,0,0,1,1,0,1,1,3,5,4,0,7,2,2,8,2,3,1,4,5,5,5,0,0.0,0.0,1039320512.8521942,0.0,0.0,715502877.4412677,4836736008.7718525,0.0,0.0,s4842_p15,,,False,False
1,1,0,1,1,0,1,0,0,1,1,1,1,1,1,3,4,1,5,1,4,0,7,8,6,4,0,6,0,3,1,0.0,0.0,4843861490.096794,0.0,0.0,151711207.5920318,7065735652.602622,115226751.03812411,0.0115609724286926,s4842_p16,0.0,0.0,False,False
1,1,1,0,0,0,0,1,0,0,0,0,0,1,1,2,1,8,3,2,7,3,4,0,0,1,4,6,1,2,1,170986472.40847948,0.0332217195636853,101917030.2433976,186709681.53770688,0.0217560122725518,166207917.18189317,5572038422.344923,451778260.5207729,0.0671887542869204,s4842_p17,0.791751585244194,0.8182579424149197,False,False
1,1,0,0,0,0,1,0,1,1,1,0,0,1,1,1,6,5,5,4,9,1,9,3,7,4,0,5,4,0,0,0.0,0.0,3628166830.9541454,9537721.535354,0.0023265425264897,140758998.50395507,13706892043.16124,14869142.79752925,0.004064925534259,s4842_p18,0.6414439396559461,0.5723456695286813,False,False
1,0,0,1,1,1,1,0,0,1,1,1,0,1,1,2,5,6,4,2,6,7,5,7,6,7,7,4,0,1,0,0.0,0.0,2670151799.853898,55539961.06398831,0.0054700227466044,36676675.840294495,12698248595.70572,104012174.5070216,0.0117843764314952,s4842_p19,0.5339755786015121,0.46417583301099324,False,False
1,0,1,0,0,0,1,1,1,1,1,1,1,1,0,3,5,5,6,4,6,4,4,7,7,10,4,4,3,2,0,0.0,0.0,2944839751.738556,0.0,0.0,187300709.3375383,12800340935.269293,1989289.082393088,0.000213339472324,s4842_p20,0.0,0.0,False,False
0,1,1,1,1,0,0,1,1,0,0,1,0,0,1,3,4,3,2,2,1,6,7,4,3,3,2,4,0,5,3,0.0,0.0,1100146828.2020063,139888112.4839789,0.0140472632023679,426536614.86947095,3848619474.22344,217365505.20510957,0.0214471504538215,s4842_p22,0.6435616927901151,0.6549710756500488,False,False
0,1,0,1,1,1,1,0,0,0,0,0,1,0,0,3,6,1,7,0,1,7,2,5,2,5,2,0,0,4,1,313687120.53489166,0.0586380042875217,402118089.3228299,35609455.69702821,0.002953792381329,212577420.5308448,6139055660.622124,866749977.5731413,0.10769683551675,s4842_p23,0.4029957718717613,0.5718997812082546,False,False
1,1,1,1,0,0,1,0,1,0,0,0,0,0,1,2,2,6,9,1,3,1,5,2,0,7,6,6,1,4,4,0.0,0.0,255765802.7164687,58445164.49154896,0.0066209994816735,529235144.2680841,13630267797.936544,183298132.6121585,0.0221422587822139,s4842_p24,0.31885302735305765,0.2990209601827939,False,False
1,1,1,0,0,1,1,1,0,0,1,0,0,1,1,3,1,5,4,3,7,6,3,4,3,3,7,6,1,5,0,18888470.6056612,0.0035776801718356,454372005.3847718,111997804.95531872,0.0114430763101964,291894073.2739918,8445886112.128036,153490672.88651264,0.0174164492098238,s4842_p27,0.8527311340784474,0.862446547001067,False,False
1,1,1,0,0,1,1,0,0,1,0,1,1,1,0,1,9,4,5,4,10,2,4,4,6,6,7,5,3,1,0,25455971.796275947,0.0154501305823649,1181859290.1747098,9537721.535354,0.0023265425264897,151711207.5920318,18321093205.84438,46603654.08848516,0.0215523979656733,s4842_p28,0.7508787457993813,0.8248118440076908,False,False
0,1,1,0,0,0,1,0,1,1,1,1,0,1,0,2,5,4,5,4,2,1,10,6,1,9,1,5,0,2,0,0.0,0.0,2766028923.2122173,56274136.24703203,0.0065518717234357,58176627.77592012,7523738201.130691,61577197.36327127,0.0072684819650752,s4842_p29,0.9138794660472427,0.9014085410017131,False,False
1,0,0,0,0,1,0,1,0,1,0,0,1,1,1,2,4,0,5,3,3,5,3,7,1,6,6,1,8,4,2,115345907.07351965,0.0276121390905954,788496952.2835221,0.0,0.0,1722073606.9031725,5802406705.32578,150330040.36808884,0.0322623070489658,s4842_p31,0.7672844814721714,0.8558637498765153,False,False
1,1,1,0,0,0,1,1,1,0,0,0,0,1,0,4,0,7,7,2,5,4,5,2,5,10,4,5,4,2,0,0.0,0.0,752824027.8901682,35106261.96808743,0.0029259644233909,254677545.10031864,9111623810.76341,82276991.48803288,0.0077832908021112,s4842_p34,0.4266838314475026,0.3759289608705406,False,False
1,0,1,0,0,1,0,0,1,0,1,0,1,1,0,3,3,4,2,0,7,7,6,1,3,6,1,3,3,6,1,0.0,0.0,526826377.4232671,0.0,0.0,800611010.4031894,6659626248.371902,278043579.85295707,0.0271784005017538,s4842_p35,0.0,0.0,False,False
0,1,0,1,0,0,1,1,1,1,1,0,0,1,1,0,8,5,6,5,6,7,4,3,7,0,3,5,5,1,2,1421716.233947472,0.002322063805487,1343339965.208622,0.0,0.0,460116314.2354115,19171079056.503757,2659911.9477188527,0.0028740332210567,s4842_p36,0.5344974803270234,0.8079460559030154,False,False
1,0,1,1,0,1,1,1,1,1,0,0,1,0,1,1,7,2,4,1,2,6,4,6,4,4,4,4,3,3,1,0.0,0.0,1098353121.161658,0.0,0.0,342131245.7777052,5603274474.574246,86978637.8392991,0.0254244425884907,s4842_p37,0.0,0.0,False,False
1,0,0,0,1,1,0,1,0,1,0,1,0,1,0,2,6,5,4,7,7,0,7,7,1,4,8,7,6,1,0,0.0,0.0,1754413494.8589466,0.0,0.0,428683135.2518352,12399902982.269688,0.0,0.0,s4842_p38,,,False,False
1,0,1,0,1,0,1,1,1,0,0,0,0,1,1,3,2,6,4,3,1,6,5,3,2,2,4,6,1,5,1,0.0,0.0,478895492.6361647,188465725.1883942,0.0194939730269942,392392393.9165596,4928129276.867237,210908362.8110736,0.0217177213693655,s4842_p39,0.893590574960828,0.8976067376245067,False,False
1,1,0,1,1,0,1,1,0,0,0,0,1,1,0,3,1,1,0,2,1,0,3,1,2,6,3,7,0,2,1,11306502.412744606,0.0020766044331218,201602495.6225261,511266091.9637394,0.0464183868696744,109499731.57958443,1953544980.8986268,661818136.3875334,0.061263217569388,s4842_p40,0.7896015017492464,0.7915841385227566,False,False
1,1,1,1,1,0,1,0,1,1,0,1,0,0,1,2,0,5,5,1,3,5,3,2,0,5,7,6,10,5,7,4898622.214939761,0.0009619419608609,140542455.59738207,0.0,0.0,8983805271.658974,13375808356.774515,100081011.83989888,0.0128176450947738,s4842_p41,0.04894656963277071,0.07504825993763216,False,False
1,1,1,0,1,0,1,0,1,1,1,1,0,1,1,2,5,5,5,4,6,4,5,7,6,7,4,5,0,1,0,0.0,0.0,2670151799.853898,91378521.55686124,0.0099860030762043,36676675.840294495,10297727667.140549,96681582.67310049,0.0107026133178439,s4842_p44,0.9451492107429608,0.9330434333785718,False,False
1,1,1,1,0,1,1,0,1,0,1,1,0,1,0,4,1,1,4,3,2,6,8,6,5,1,7,2,0,5,0,0.0,0.0,2999932921.02178,80296996.03904985,0.008066840953192,215749005.5988146,5868606053.742392,97006760.05858052,0.0098188932686409,s4842_p45,0.8277463961332183,0.8215631571182753,False,False
1,0,1,0,1,1,1,0,0,0,0,1,1,0,0,1,7,4,4,4,3,5,4,4,7,5,4,5,3,1,0,42436217.04877824,0.0255253316348966,1613998444.577466,64784864.98888029,0.0162581130170355,151711207.5920318,7888593608.102575,118892961.69361864,0.0455996009179281,s4842_p46,0.901828674383283,0.9163116301639467,False,False
1,1,0,0,0,0,1,0,1,1,1,0,0,1,1,3,5,4,4,4,7,2,5,8,1,4,1,2,0,4,1,0.0,0.0,1586777253.950106,88609958.22821988,0.0088574389502166,212577420.5308448,6947969838.841708,93941379.49039511,0.0094368999528064,s4842_p52,0.9432473603102631,0.9385962545446425,False,False
1,1,0,1,1,1,1,1,1,1,0,0,0,1,1,2,0,3,4,3,4,4,4,0,6,7,4,6,1,5,0,12056626.4936157,0.0022871342999255,551511590.9801772,115278409.47517686,0.01477088838486,291894073.2739918,4274821739.821645,138573386.01809025,0.0185486579406526,s4842_p53,0.9188996504146145,0.9196364901096097,False,False
1,1,1,0,0,1,1,1,0,1,0,0,0,1,1,3,9,4,5,5,4,0,4,3,6,1,1,5,7,0,0,16267848.342325931,0.0032887041011792,978029473.9168656,0.0,0.0,496014784.905653,10016488198.767023,18305386.876869395,0.0035125454470328,s4842_p56,0.8886918616771717,0.9362737509794532,False,False
1,1,1,0,0,1,1,1,1,1,0,0,1,1,1,2,0,3,7,1,2,4,5,2,4,10,4,4,3,2,0,0.0,0.0,586117902.0343597,5790369.71546554,0.0005977576802228,187300709.3375383,5067537522.408947,92769007.55476464,0.0111912754254272,s4842_p57,0.062417070830980824,0.053412828967166814,False,False
0,0,0,1,0,1,1,1,0,0,1,1,0,0,0,2,6,0,7,3,7,4,5,5,0,3,10,6,0,4,2,0.0,0.0,508556882.2997122,85065856.80672684,0.0105682475511754,254677545.10031864,10275774542.386349,100699870.27695042,0.0126446523659285,s4842_p58,0.8447464388263258,0.835787908226876,False,False
1,1,0,0,1,1,1,1,0,0,0,1,0,1,0,2,6,6,6,0,5,1,7,1,1,4,8,7,6,2,0,0.0,0.0,546073553.3670186,0.0,0.0,487595482.5113013,11656820511.483326,174363965.9950228,0.0214020215541149,s4842_p59,0.0,0.0,False,False
1,1,1,0,1,0,1,0,1,1,1,1,0,1,1,2,5,0,5,2,0,0,4,7,2,7,5,5,0,1,1,0.0,0.0,1052836799.0887936,0.0,0.0,80062858.44864091,3904223825.159114,130380319.51112542,0.0140656407915182,s4842_p61,0.0,0.0,False,False
0,1,0,1,1,0,0,0,1,0,1,1,0,0,1,2,6,9,3,5,7,3,5,1,0,8,4,9,6,0,3,26982346.422715288,0.006368527217592,220055245.752236,0.0,0.0,577533194.6864529,18933696506.50837,32384668.04973057,0.0071121434998235,s4842_p62,0.8331827388590377,0.8954441396957254,False,False
0,1,0,0,1,0,1,0,0,1,1,1,1,1,1,4,2,4,4,5,1,7,5,7,6,7,4,5,1,2,1,10160276.503053028,0.0020869596612469,2670151799.853898,22429308.90814797,0.0022485646354858,166207917.18189317,8275183313.756679,34632484.99598339,0.004560532517423,s4842_p63,0.9410120415840987,0.9506618536693506,False,False
1,0,1,1,0,1,1,1,1,1,1,0,1,1,0,2,7,2,4,1,7,7,4,7,0,4,8,7,3,3,0,0.0,0.0,772199086.4252126,0.0,0.0,241632925.13513744,11093087160.086542,59685852.91708862,0.0075059143040866,s4842_p64,0.0,0.0,False,False
1,0,0,0,1,1,1,1,0,1,0,1,0,1,0,3,7,5,4,7,7,5,7,7,1,4,8,1,5,0,3,0.0,0.0,1754413494.8589466,0.0,0.0,426536614.86947095,15841688126.508204,0.0,0.0,s4842_p65,,,False,False
1,0,0,0,1,0,0,1,1,0,0,1,0,0,1,3,4,8,1,4,6,8,6,2,7,4,7,2,5,3,2,0.0,0.0,1663268595.6027958,0.0,0.0,649606183.4359621,16236373238.986498,5359781.40811126,0.0005856338118679,s4842_p66,0.0,0.0,False,False
1,0,1,0,0,0,0,1,1,1,0,1,0,0,1,2,1,1,4,4,5,1,3,1,1,7,4,6,4,7,7,49801545.73113856,0.0108747499182387,171414439.354087,0.0,0.0,4260291892.3586655,7648711362.885957,55132966.99331381,0.0115990761714759,s4842_p67,0.9032988508885833,0.9375531083226748,False,False
0,1,1,0,0,0,1,1,1,1,1,1,1,0,0,4,6,4,5,4,3,6,10,1,1,10,2,5,3,0,3,0.0,0.0,1447993064.9395046,1639839.1134996486,0.0001312027920577,241632925.13513744,9671908278.143698,3629128.195892736,0.0003445422643818,s4842_p68,0.45185483261669723,0.38080318620158987,False,False
1,1,0,0,1,1,1,1,1,0,1,0,0,0,1,2,5,5,5,7,0,4,7,0,5,2,1,1,7,2,2,0.0,0.0,839362010.2240314,0.0,0.0,948464659.4735034,7315570006.17494,0.0,0.0,s4842_p70,,,False,False
0,0,1,0,0,0,1,1,1,1,1,1,0,1,0,2,6,4,2,4,1,0,10,6,6,1,2,5,0,3,0,0.0,0.0,5718288124.126816,39583111.47798269,0.00491003711416,90999229.1305994,8274694312.976512,41572400.56037578,0.0051767114545651,s4842_p71,0.9521488041205599,0.9484857630668343,False,False
1,0,1,1,1,0,0,1,1,0,1,1,1,1,1,0,2,1,4,1,5,6,0,1,0,4,1,6,0,0,5,1073468381.7585108,1.4855042858201954,28798397.130608942,0.0,0.0,215749005.5988146,3562026505.91884,1161735942.138453,1.5597134650247,s4842_p72,0.9240209782806026,0.9524212742477483,False,False
0,1,1,1,0,1,1,1,0,0,0,1,1,1,0,0,2,3,3,3,7,1,5,5,0,1,5,4,1,3,4,0.0,0.0,508556882.2997122,141708163.7726393,0.115621131469728,419950187.10748845,3999412775.151032,164312561.098172,0.1355852375346588,s4842_p73,0.8624304972519585,0.8527560490512288,False,False
1,1,1,0,0,0,1,1,1,1,1,1,0,1,0,2,5,5,6,4,9,4,4,6,7,9,7,4,0,2,0,0.0,0.0,2388161708.79464,56739009.0051425,0.0066179215278513,58176627.77592012,16915419036.889303,58728298.08753559,0.0068845958682564,s4842_p74,0.966127247899675,0.9612650698010196,False,False
1,1,0,1,1,1,1,1,1,0,1,0,0,1,1,0,5,3,4,4,7,2,3,4,5,4,6,2,3,5,1,14864035.53357312,0.0239352762379095,733116512.0283871,39203652.56855142,0.0341765062153788,588766115.1733601,6389355494.2851305,59356569.14539577,0.0628634640255593,s4842_p75,0.9108964497204016,0.9244126672634674,False,False
1,0,1,0,1,1,1,1,1,0,1,1,0,0,1,0,4,3,6,4,1,7,4,4,5,5,5,4,0,2,3,774801.9394900398,0.0012634403371697,889474205.2690604,121270760.73241572,0.0957673821141598,185515400.32607943,7074360711.642238,127306083.56924096,0.1017310639462825,s4842_p77,0.9586781656473311,0.9537973819143887,False,False
1,1,1,1,1,0,1,0,0,0,0,1,1,1,1,3,5,2,6,3,1,2,2,3,2,5,2,7,0,3,0,346374026.6775305,0.0649933282888849,240881563.1297559,98737100.30259947,0.0079754042987518,90999229.1305994,4508256182.397721,495233635.3571477,0.0779609190429984,s4842_p79,0.898790177406123,0.9359655258475298,False,False
0,1,0,1,0,1,0,1,1,0,1,0,0,0,0,3,1,7,0,0,5,3,1,2,4,0,4,5,0,6,0,423334568.28490376,0.0771439183059283,249808216.23398763,0.0,0.0,328184814.6092675,2887486846.5508604,597698534.2799265,0.0942655355492203,s4842_p80,0.7082743958790418,0.8183682175724549,False,False
1,0,1,1,1,0,1,0,0,0,0,1,0,1,1,2,7,9,4,0,5,1,4,1,3,4,4,5,3,3,0,28819272.063890334,0.0057215595794066,314320630.7065251,0.0,0.0,241632925.13513744,14452439237.729095,313906421.5950503,0.0404458925004281,s4842_p81,0.09180848202292642,0.14146206760911606,False,False
1,1,0,0,0,1,1,1,0,1,0,1,1,1,0,1,6,3,7,4,9,4,5,0,1,7,8,6,3,3,6,3081440.518562916,0.0014502469466174,220055245.752236,423402.79455414455,0.0001318652946747,1140897157.0475736,17487522258.187305,8836264.575292308,0.0033204952490615,s4842_p82,0.39664309315920626,0.47646875620113177,False,False
0,1,1,1,1,1,0,0,1,0,0,1,0,0,1,1,1,3,1,3,6,2,6,6,0,3,2,1,1,5,3,0.0,0.0,858736944.466568,103873494.73612392,0.0316536134578171,541242453.351177,3505704104.053344,138857628.0306931,0.0428140165579059,s4842_p83,0.748057533527533,0.7393282855161611,False,False
1,1,1,0,0,1,1,0,1,0,1,1,0,1,0,3,6,1,5,2,0,0,1,8,5,6,7,5,0,1,0,262900263.4564608,0.0490652212995622,1325760516.4029987,0.0,0.0,36676675.840294495,5307647945.01333,433630486.7410644,0.0637852473147919,s4842_p85,0.6062771679922209,0.769225226288084,False,False
1,1,1,1,1,0,1,1,1,1,0,0,0,1,0,4,3,4,5,3,5,6,1,1,1,7,1,3,9,0,6,164746887.23715073,0.0287157322585253,103163796.38124534,0.0,0.0,2603863640.73455,8345256492.05456,175985237.28644842,0.0299082404632189,s4842_p86,0.9361403818718884,0.9601277712689201,False,False
0,0,1,0,0,0,1,0,1,1,1,1,1,1,0,3,5,4,5,4,2,1,10,7,1,10,2,5,3,2,0,0.0,0.0,3448193650.766571,0.0,0.0,187300709.3375383,8901374728.12755,5303061.116239234,0.0005732881933116,s4842_p89,0.0,0.0,False,False
0,0,1,1,0,1,1,0,0,0,1,1,0,0,0,2,6,5,8,1,4,0,5,2,0,4,5,6,0,3,4,0.0,0.0,255765802.7164687,10155334.558789872,0.0010216898717425,324001732.4827762,13839549045.59852,166471200.00062466,0.0204113701662744,s4842_p91,0.061003552318669926,0.050054938175127156,False,False
1,1,1,0,0,0,1,1,0,0,1,1,0,0,0,3,5,2,6,1,5,5,2,0,1,0,9,3,2,0,5,158493292.7035328,0.0238577120821715,84513741.32644606,0.0,0.0,360082630.87449336,5634506858.894719,246760853.08347505,0.032762813586712,s4842_p92,0.642295123894377,0.7281948486819749,False,False
1,0,1,1,1,0,0,1,1,0,0,1,1,0,1,2,0,2,4,0,5,1,0,1,0,4,5,6,0,0,2,1565071421.7897806,0.3193912758672939,28798397.130608942,0.0,0.0,58176627.77592012,2037399441.92724,1739435387.7848034,0.3407932974214088,s4842_p94,0.8997582967326668,0.9371994058684487,False,False
1,1,1,1,0,1,0,0,1,0,1,1,0,1,1,2,5,4,4,2,3,6,1,6,6,1,1,5,0,3,0,547379613.0282472,0.1277845664351616,1044629767.6559484,22304646.97313344,0.0022523192401044,90999229.1305994,5310189071.629386,640813717.4479767,0.1391074924459025,s4842_p100,0.8890013501429601,0.9347942615372499,False,False
1,1,1,1,0,1,0,1,1,1,1,1,1,1,1,2,1,7,3,3,2,7,2,1,1,4,3,4,4,4,7,68537956.35776357,0.0142851623989136,132184573.70860092,0.0,0.0,2318280615.76534,7247245051.413737,82083889.03635193,0.0160794172344032,s4842_p101,0.8349745262119663,0.8884129437445875,False,False
0,1,1,1,1,1,0,1,1,0,1,1,0,1,1,0,2,3,1,3,2,2,9,5,3,3,3,1,2,5,0,0.0,0.0,2155767024.08264,9130145.175476804,0.0077952295322744,360082630.87449336,3642307028.040498,25839909.19500748,0.0223956654943482,s4842_p102,0.35333503328412763,0.3480686713347105,False,False
1,1,1,0,0,0,1,0,1,1,0,1,0,1,0,2,2,6,9,0,2,1,5,2,0,9,6,6,1,5,4,0.0,0.0,255765802.7164687,0.0,0.0,677589958.7619503,14669045685.849173,250930300.646942,0.0288433227327122,s4842_p103,0.0,0.0,False,False
1,0,0,1,1,1,0,1,1,0,1,1,0,0,1,0,5,0,4,1,5,0,2,7,3,5,1,5,0,2,2,5206343.306531934,0.0080971893782699,828708971.1217399,41407488.139833264,0.0276676373576497,139585453.35466468,2925336065.1282616,134881391.82630748,0.1099740059404241,s4842_p104,0.34559126959775016,0.32521163915129525,False,False
0,1,0,0,1,1,0,1,1,0,1,0,0,0,1,0,2,7,0,3,2,1,2,2,3,4,7,1,2,3,3,162118923.7044708,0.2456208889873052,237972189.6257261,0.0,0.0,396303009.5967358,3243830260.2720222,187365999.2866381,0.2674503396010161,s4842_p106,0.8652526302622091,0.9183794245829854,False,False
1,1,0,1,1,0,1,1,0,0,0,1,0,1,0,3,1,3,3,3,2,4,5,1,0,6,3,3,0,0,1,0.0,0.0,220055245.752236,526262743.4435158,0.0450695684247566,36676675.840294495,2152507944.26104,551509819.025683,0.0476891024984019,s4842_p107,0.9542218928635402,0.9450705939845884,False,False
1,1,1,0,0,1,1,0,1,1,1,1,1,1,0,3,5,5,5,3,3,4,10,8,6,9,3,5,3,1,0,0.0,0.0,8562247633.230477,0.0,0.0,151711207.5920318,14970795954.783854,13545932.67858836,0.0014354038683917,s4842_p108,0.0,0.0,False,False
0,1,0,1,0,0,0,1,1,0,1,1,0,1,1,0,6,0,1,0,6,1,0,3,0,5,1,5,0,2,1,610031318.6600629,0.9301282544862176,67352034.08702596,33608430.41120494,0.0222507828473033,109499731.57958443,2170594121.4037776,812679871.0735723,1.089936195633166,s4842_p109,0.7919966668068229,0.8737933845570334,False,False
1,1,0,1,1,0,1,1,0,0,0,1,0,1,0,4,7,4,4,3,2,4,2,1,0,7,1,3,0,0,6,222711295.9606329,0.0385926513370026,84513741.32644606,325752271.1132225,0.0281021426439757,328184814.6092675,5308641768.690163,573710642.6560227,0.0693143280546237,s4842_p113,0.9559933637185383,0.9622078991867157,False,False
0,1,1,0,1,1,1,0,1,0,0,1,1,1,0,0,2,5,4,4,4,1,3,5,1,2,5,4,2,7,3,28165967.95441326,0.0462053921341905,431615943.8974439,47079834.9648049,0.0405851828848629,1165023168.3750107,4474462737.889958,80605584.32732943,0.0916708567846195,s4842_p117,0.9335060783587171,0.9467629960410177,False,False
1,0,1,0,0,1,1,1,0,0,1,1,0,1,1,0,6,4,2,4,6,2,4,7,0,2,4,6,1,2,3,9449177.669270989,0.0156264256095501,772199086.4252126,54038595.06754004,0.0440420346106654,256129634.7249988,5479642563.36758,68819193.99898627,0.0644973019084636,s4842_p119,0.9225300246577463,0.9251311055600229,False,False
1,1,0,0,1,1,1,1,0,1,0,1,1,1,0,1,6,4,7,4,1,5,4,0,1,7,4,6,3,3,6,25228267.320245173,0.0130044170505183,158308603.12830377,423402.79455414455,0.0001318652946747,1140897157.0475736,10965471912.90953,32058841.92628168,0.0151474507439014,s4842_p121,0.8001433792831488,0.8672272692804016,False,False
1,0,1,0,0,0,1,1,1,1,0,1,1,1,1,3,3,4,1,3,1,6,4,2,7,10,4,4,3,2,2,0.0,0.0,1126448498.24247,0.0,0.0,322059128.73816526,5532547781.95572,17946984.698578697,0.0017379275571703,s4842_p122,0.0,0.0,False,False
0,1,1,1,1,0,1,1,1,0,1,0,0,1,1,0,5,0,2,0,1,1,1,3,0,2,6,6,1,2,1,2011442.209694265,0.003128304749882,108471584.05375126,0.0,0.0,166207917.18189317,1868653855.578532,272112651.9068216,0.2008017234275514,s4842_p123,0.007391946664732938,0.01557907320955182,False,False
1,1,1,1,1,0,0,1,1,1,1,1,1,0,0,1,1,0,4,6,5,5,7,1,0,4,1,1,4,0,7,0.0,0.0,435650411.4813284,0.0,0.0,1112030203.9165854,6354638814.647942,0.0,0.0,s4842_p124,,,False,False
1,1,1,0,0,1,1,1,1,0,1,1,0,1,0,1,6,0,4,3,1,6,6,6,3,7,4,2,0,0,0,0.0,0.0,1364431632.6479375,303661551.3553924,0.0767958563515154,0.0,4811546435.063232,321608536.0539711,0.0820096390230263,s4842_p125,0.9441961804907849,0.936424757703823,False,False
1,1,0,1,0,0,1,0,0,0,1,1,0,1,1,1,7,4,4,2,2,6,6,1,0,7,1,4,0,0,0,0.0,0.0,308512658.89318293,222095647.72518885,0.0521458926426834,0.0,5846620333.390473,301276385.0250701,0.0759063946716741,s4842_p127,0.7371823971756287,0.6869762800385331,False,False
1,1,1,0,0,0,1,0,1,1,1,1,1,1,0,2,5,5,5,3,8,4,4,9,7,9,7,4,0,1,0,0.0,0.0,4615833864.757759,82672941.62046608,0.0088504799089892,36676675.840294495,15113091166.102797,96218874.29905444,0.0106447347444788,s4842_p128,0.8592175103141746,0.8314420341549382,False,False
0,1,1,0,0,0,1,0,1,0,0,1,0,1,1,3,2,2,4,2,5,4,5,0,1,4,4,3,0,2,1,13048719.86657951,0.0020567839724667,220055245.752236,270097737.5197408,0.0245606855048566,109499731.57958443,2892463581.134037,331306049.0922671,0.0316216640009852,s4842_p129,0.8546371494335905,0.8417479066406502,False,False
1,0,0,1,1,0,0,1,1,0,1,1,1,1,0,3,4,3,4,2,5,0,7,1,0,0,6,4,9,3,1,0.0,0.0,435650411.4813284,0.0,0.0,1803415833.6806948,4653307894.823982,47504355.40619937,0.0049066753384098,s4842_p132,0.0,0.0,False,False
0,0,1,0,1,0,0,1,0,0,1,1,1,0,0,0,4,3,5,4,1,6,7,0,4,3,9,2,0,2,2,0.0,0.0,672655884.368223,123712501.86156936,0.0969846889112544,139585453.35466468,5736498432.16796,142329249.31571713,0.1124302553950716,s4842_p133,0.8691994263747448,0.862620907250076,False,False
1,1,0,0,1,0,1,0,0,0,0,1,1,0,0,3,7,4,4,2,2,7,5,2,0,0,1,4,0,2,7,0.0,0.0,255765802.7164687,163621827.4726653,0.0149392487420805,752269473.1776003,6791158073.945634,256538281.3149143,0.0242900162681581,s4842_p134,0.6378066721036884,0.6150365885783466,False,False
0,1,1,0,0,0,0,1,1,0,1,0,0,1,1,3,3,6,1,3,1,0,3,2,4,2,2,1,1,1,6,20876030.387361147,0.0038891489669887,376619698.824788,186518287.50594348,0.0174265689615639,539304676.8817291,2753154075.563282,243901939.6706916,0.0248826782800803,s4842_p135,0.8503184442621555,0.8566488578368506,False,False
0,1,1,1,1,1,0,1,1,0,1,0,0,0,1,0,2,3,1,3,2,2,6,5,3,3,4,1,2,3,3,0.0,0.0,1077282750.8307848,48282794.84317159,0.0411262036901982,396303009.5967358,2644843461.362929,73529870.4253389,0.0629556543039091,s4842_p136,0.6566419138763097,0.653256711329971,False,False
0,1,1,1,0,0,1,0,1,1,0,1,0,0,0,1,0,2,6,3,2,2,5,6,5,1,6,1,1,2,0,0.0,0.0,1658503873.165432,56655713.25647789,0.0158095684091535,105495938.72046074,3575387316.975449,73365477.27600858,0.0210657253555001,s4842_p138,0.7722394150498495,0.7504877302991013,False,False
0,1,0,1,0,0,1,0,0,0,0,0,0,0,1,3,7,4,5,0,5,6,5,2,0,5,5,5,2,1,2,3241232.7621720503,0.0005258445320571,255765802.7164687,157421691.61620522,0.0128466836186997,205801211.7865233,7733213245.059841,449997678.7242764,0.0417748105625573,s4842_p141,0.35703056254389925,0.3201098453990974,False,False
1,1,0,1,1,0,1,0,1,0,1,0,0,1,1,1,2,1,4,2,4,1,2,1,3,4,5,4,2,2,0,147180128.9756357,0.078640060033637,196003541.019055,29710358.81732057,0.0072943783985128,139585453.35466468,2081562313.4234023,225050079.49890316,0.1009470220031355,s4842_p143,0.7860050002507039,0.8512825512522855,False,False
0,1,1,1,1,1,1,1,1,0,1,1,0,0,1,0,2,3,6,1,3,1,10,5,3,7,0,1,1,2,0,0.0,0.0,2770573325.5891104,22304646.97313344,0.0150154616006961,105495938.72046074,5380354477.828807,88813371.68296316,0.0697551317895604,s4842_p145,0.2511406396410022,0.21525959761634805,False,False
1,1,1,1,0,0,1,1,1,0,1,1,1,1,0,2,2,3,2,3,1,1,0,4,6,6,5,6,1,3,6,201275740.5182937,0.0469788129773118,551511590.9801772,0.0,0.0,786957993.8781652,3644551945.097196,219222725.2168724,0.0491512224237746,s4842_p146,0.9181335571810627,0.9558015174529617,False,False
0,1,1,1,1,0,1,0,1,1,0,1,1,1,0,3,1,0,2,4,2,1,10,1,1,6,3,6,0,2,1,0.0,0.0,1447993064.9395046,132629037.24704272,0.0123865447523275,109499731.57958443,3285976139.9606404,137960458.50921798,0.0129660057549172,s4842_p147,0.9613554396688306,0.9553092129108498,False,False
0,1,1,1,0,1,1,0,1,1,1,1,0,1,0,1,1,1,4,3,2,6,6,6,5,4,7,2,0,3,0,0.0,0.0,2010106202.7963448,30412658.78347706,0.0089003139420703,90999229.1305994,5039867048.213806,43958591.46206542,0.0132065255472454,s4842_p151,0.6918478907524146,0.6739330424364882,False,False
1,1,1,1,0,1,0,1,1,1,1,1,0,1,1,1,3,7,4,4,5,2,5,1,0,4,0,4,5,7,0,0.0,0.0,220055245.752236,0.0,0.0,1364701273.3494463,6553409793.519458,5303061.116239234,0.0017198645799348,s4842_p152,0.0,0.0,False,False
1,1,0,1,1,0,0,0,1,0,1,1,0,1,1,0,2,1,5,1,7,1,0,1,3,4,1,4,1,2,0,1444682353.2674274,1.988630917629948,108471584.05375126,549151.5080559051,0.0003662924852076,105495938.72046074,2739140945.3191257,1587533796.822733,2.108346861648948,s4842_p153,0.9103626692344747,0.9433918328597751,False,False
0,0,1,0,1,0,0,1,1,0,1,1,0,0,1,0,4,2,7,2,5,1,3,1,6,7,0,8,0,3,0,20659403.076067585,0.0265652599590002,564617427.2059604,67359532.37157896,0.0536221184093191,90999229.1305994,6256409457.3093815,135523290.85384592,0.1210763395217351,s4842_p162,0.6494746024325067,0.6622877655953945,False,False
0,1,0,1,1,0,1,1,1,0,0,1,0,1,0,0,2,3,7,1,3,3,5,4,3,6,3,3,1,2,0,0.0,0.0,694919738.8728082,109315751.97166257,0.0742624549981473,105495938.72046074,4498543787.716255,188577955.4396871,0.1397000198326682,s4842_p165,0.5796846811536518,0.5315851428446353,False,False
1,1,1,0,1,1,1,1,0,0,0,1,0,1,1,2,6,3,3,2,6,0,6,0,2,5,5,6,1,1,0,0.0,0.0,350755984.112798,238739270.8088904,0.026203930038852,80062858.44864091,4389761750.203609,286898862.51483727,0.0324591731934294,s4842_p166,0.8321373905640486,0.8072888943504073,False,False
1,1,0,0,0,1,1,1,1,1,1,1,0,1,0,2,5,5,5,4,9,7,4,4,0,9,5,4,6,3,7,0.0,0.0,301485833.08746815,0.0,0.0,2827353740.402635,21735337843.26704,1989289.082393088,0.000266674340405,s4842_p167,0.0,0.0,False,False
0,0,1,1,1,0,0,0,1,1,0,1,0,0,1,0,0,4,6,3,2,2,4,6,3,7,1,1,1,1,2,2238558.8320009774,0.0036893585988396,912892699.64303,53969995.297948405,0.0383212892277554,161471684.02738547,3515978686.223462,92497842.64124452,0.0728882492932363,s4842_p168,0.6076742173107306,0.5763706528000446,False,False
1,1,1,1,1,1,0,1,0,1,0,1,0,1,0,3,6,7,7,4,3,4,4,1,1,6,5,3,1,0,0,56609788.84469049,0.0102790801136478,225016259.22587368,148518905.92640066,0.0126528982305794,36676675.840294495,15020234360.044428,216738655.52794635,0.0241905532965002,s4842_p170,0.946433363589089,0.9479724611154271,False,False
0,1,1,1,0,0,1,1,1,1,0,1,1,0,0,2,7,5,5,4,2,2,6,1,6,4,6,2,0,3,0,0.0,0.0,1052739736.7964728,108930758.1889466,0.0131609168098855,90999229.1305994,7906310320.077454,114191279.0862818,0.0138659530341285,s4842_p175,0.9539323761023781,0.9491534247586385,False,False
0,1,0,1,0,0,1,1,1,0,1,0,0,1,1,1,6,0,0,3,5,1,2,3,0,5,5,10,3,2,1,25819213.138301387,0.0145469248541522,138463350.06795326,35295198.46767345,0.0106460006634285,272257350.0721013,7156314726.93596,72352761.65527253,0.0287704501316616,s4842_p177,0.8446728253049519,0.8756528105153325,False,False
1,1,0,1,1,0,1,0,0,0,0,1,1,1,0,3,6,0,1,4,3,6,4,1,0,0,2,5,1,3,0,92946657.52580746,0.0162475629928595,158308603.12830377,122031575.22544596,0.0122759969361446,144322995.51960927,3898887907.13434,226650112.4072135,0.0297956120176694,s4842_p178,0.9485026522511064,0.9573074019116994,False,False
0,1,0,1,1,0,1,0,0,1,0,1,1,1,0,3,6,0,2,4,3,1,10,0,1,0,2,6,0,2,1,0.0,0.0,1265206395.8040638,132003728.4337793,0.0123154689164651,109499731.57958443,3304408223.2161574,143613689.19063452,0.013574043868738,s4842_p183,0.9191583976270952,0.9072807658172161,False,False
0,0,1,1,1,1,0,1,1,1,1,0,0,0,1,1,2,2,3,3,1,1,4,1,0,3,2,1,1,1,1,4898622.214939761,0.0023086607060662,158308603.12830377,79058982.23545437,0.0211016634104417,131385962.25230522,1303789761.9977486,107582197.71494164,0.0304048640706238,s4842_p185,0.7804042512019961,0.7699532568910973,False,False
0,0,0,1,0,0,1,0,1,1,1,1,1,1,1,0,5,7,5,1,1,1,0,7,2,4,2,5,3,1,0,390289073.40314966,0.6069988768604517,485621587.43911296,0.0,0.0,151711207.5920318,7198209589.903971,527865939.4737469,0.7115803941086419,s4842_p187,0.7393715794435349,0.8530292316735429,False,False
1,1,0,1,1,1,1,0,1,0,1,1,1,0,1,2,1,1,7,0,5,2,0,1,0,6,5,5,0,0,2,1234250555.1054354,0.2517964039950175,28798397.130608942,0.0,0.0,58176627.77592012,3318477072.0528297,1404366427.6570468,0.2725436383195221,s4842_p189,0.8788664630530783,0.9238755508936842,False,False
1,0,1,0,1,0,1,1,1,1,0,1,1,0,1,0,0,4,6,1,2,5,4,5,3,7,1,10,0,0,3,0.0,0.0,707689473.8872488,123566691.3227043,0.0810515117517861,90999229.1305994,6848866431.351569,197680468.32673156,0.1408734285938303,s4842_p190,0.625082955178303,0.5753498907553091,False,False
1,1,0,1,1,0,0,0,1,0,1,1,0,1,1,0,2,1,5,1,4,1,0,4,3,4,1,4,1,2,0,727796799.7635324,1.12344538064684,233802396.0135758,12698463.922399469,0.0085704882742866,105495938.72046074,1928897148.473787,889804342.4304742,1.256322962336463,s4842_p191,0.8322001010506321,0.9010548265518011,False,False
1,1,0,1,1,0,0,0,1,0,1,1,0,1,1,0,2,1,5,1,7,1,0,6,3,7,1,4,1,2,0,698943767.9725207,1.08591804241554,414154069.40853775,24042468.100660555,0.0162193808798315,105495938.72046074,3330338829.656697,865288528.120431,1.2214870748291646,s4842_p192,0.8355435355691622,0.9022915149957805,False,False
1,0,0,1,0,0,1,1,0,0,1,1,1,0,0,0,7,1,0,1,1,4,1,5,0,6,2,1,1,0,0,262900263.4564608,0.4088768441630186,210198875.0877109,56266954.90144428,0.0372595424568748,36676675.840294495,2201216288.99362,469047712.6770495,0.5612345269778137,s4842_p193,0.6804578931560834,0.7949197085615685,False,False
1,1,1,1,1,1,1,1,1,0,1,1,0,0,1,0,2,3,4,1,4,6,0,2,1,7,1,5,0,3,0,304424211.85643,0.459880137761915,84513741.32644606,1098303.0161118102,0.0007325849704152,90999229.1305994,3581422239.556882,365208367.7896304,0.5106521514262414,s4842_p197,0.8365704124515865,0.9020087772975163,False,False
1,1,0,1,0,1,0,1,1,0,1,0,0,0,0,3,1,7,0,0,5,4,1,1,4,7,3,5,1,6,0,585431445.3522174,0.1004687719895384,205481553.13680324,0.0,0.0,424898508.1002616,3787984122.8024273,759795411.3472402,0.1175903892328304,s4842_p198,0.770511951782063,0.8543961172762938,False,False
1,1,1,0,0,0,1,0,0,0,1,1,0,1,1,0,6,5,10,2,6,2,4,3,4,5,2,6,3,3,0,0.0,0.0,564154495.3314669,0.0,0.0,241632925.13513744,28126276707.927845,64122670.74930343,0.0555132699227001,s4842_p199,0.0,0.0,False,False
0,1,0,1,1,0,1,1,1,1,1,0,1,1,1,3,7,10,1,4,3,7,3,1,5,9,2,1,1,1,1,9503801.51388386,0.0018020888870172,415300404.1222959,90641015.13457192,0.0082141975886863,131385962.25230522,18988587137.188416,105405337.545791,0.0105803154550978,s4842_p202,0.9500924619206319,0.9466907218609877,False,False
1,1,1,0,0,0,0,0,1,1,1,1,1,1,1,0,5,3,1,2,7,6,4,3,0,9,6,4,0,1,0,0.0,0.0,233802396.0135758,55539961.06398831,0.0364668183106961,36676675.840294495,7607682381.064509,104012174.5070216,0.0785625095433014,s4842_p203,0.5339755786015121,0.464175833010994,False,False
0,1,0,0,1,0,0,0,1,0,1,1,0,0,1,3,2,0,1,3,2,1,2,1,0,7,7,5,6,5,0,498159807.7474834,0.0849502061312422,84513741.32644606,0.0,0.0,919361965.9246992,3669651089.5626354,534449096.2587785,0.0886555183072391,s4842_p204,0.9320996353715902,0.9582055099699942,False,False
1,1,1,0,0,0,1,0,1,0,1,1,0,1,1,3,3,1,1,3,2,6,4,5,5,2,7,2,0,1,1,0.0,0.0,1097747539.9853292,173095722.65651128,0.015460883956537,80062858.44864091,3776220101.561485,189805486.676042,0.0172129362719859,s4842_p205,0.9119637460846917,0.8982130481537673,False,False
1,1,1,0,0,1,0,0,0,1,0,1,0,1,0,2,9,4,7,5,3,4,5,6,1,4,5,3,1,0,1,31121084.115179148,0.0080641399610471,867976124.6337643,130198432.1689088,0.0140153165848185,80062858.44864091,15962497324.25384,166792738.27594328,0.0228423628570914,s4842_p206,0.9671854899174305,0.9666012524186413,False,False
